{"cameraMode":{"drawMode":0,"name":"Shaded","section":"Shading Mode"},"sceneLighting":true,"audioPlay":false,"sceneViewState":{"m_AlwaysRefresh":false,"showFog":true,"showSkybox":true,"showFlares":true,"showImageEffects":true,"showParticleSystems":true,"showVisualEffectGraphs":true,"m_FxEnabled":true},"in2DMode":false,"pivot":{"x":0.6687355041503906,"y":15.989106178283692,"z":-19.91582489013672},"rotation":{"x":0.031069030985236169,"y":0.9186994433403015,"z":0.07383560389280319,"w":-0.38681358098983767},"size":38.867679595947269,"orthographic":false}